,loss,val_loss,ssim,val_ssim
0,0.2635437846183777,0.2385035753250122,0.7364561557769775,0.7614965438842773
1,0.22392010688781738,0.20685060322284698,0.7760800123214722,0.7931492924690247
2,0.20567388832569122,0.21380534768104553,0.7943260073661804,0.7861945629119873
3,0.2016167938709259,0.2084263265132904,0.7983832359313965,0.7915738224983215
4,0.1949915885925293,0.18039430677890778,0.8050084114074707,0.8196056485176086
5,0.17972832918167114,0.16393384337425232,0.8202716112136841,0.836065948009491
6,0.15863627195358276,0.15779700875282288,0.8413635492324829,0.8422029614448547
7,0.14918456971645355,0.14826729893684387,0.85081547498703,0.8517325520515442
8,0.13824108242988586,0.1353394091129303,0.8617588877677917,0.8646606206893921
9,0.13055859506130219,0.12586897611618042,0.8694415092468262,0.87413090467453
10,0.1251467913389206,0.12291185557842255,0.8748533129692078,0.877088189125061
11,0.12124381214380264,0.11839985847473145,0.8787563443183899,0.8816002011299133
12,0.11937028169631958,0.11915452778339386,0.8806297183036804,0.8808454275131226
13,0.11671341955661774,0.11660005152225494,0.8832866549491882,0.8834000825881958
14,0.114939846098423,0.11137726157903671,0.88506019115448,0.8886227607727051
15,0.11016891151666641,0.10848680883646011,0.8898311853408813,0.8915132284164429
16,0.10664186626672745,0.10621088743209839,0.8933582305908203,0.8937892913818359
17,0.10624013841152191,0.10454165935516357,0.8937599062919617,0.8954582214355469
18,0.10588139295578003,0.10211528837680817,0.8941184878349304,0.8978848457336426
19,0.10591800510883331,0.10376008599996567,0.8940820693969727,0.8962399363517761
20,0.10286188125610352,0.09848596900701523,0.8971381187438965,0.9015140533447266
21,0.10111837089061737,0.10363228619098663,0.8988816142082214,0.8963677287101746
22,0.10237985849380493,0.10102120786905289,0.8976202011108398,0.8989787101745605
23,0.09702151268720627,0.09753976762294769,0.9029785394668579,0.9024602770805359
24,0.09525670111179352,0.09333889931440353,0.9047431945800781,0.9066610336303711
25,0.09290987253189087,0.09132931381464005,0.9070900678634644,0.9086707234382629
26,0.09398497641086578,0.09553171694278717,0.9060149192810059,0.9044682383537292
27,0.09285224974155426,0.09021039307117462,0.9071475863456726,0.9097896814346313
28,0.09223742038011551,0.09267324954271317,0.9077626466751099,0.9073268175125122
29,0.09123458713293076,0.0894833356142044,0.9087656140327454,0.9105167388916016
30,0.09194514155387878,0.098051518201828,0.9080547094345093,0.9019484519958496
31,0.09099266678094864,0.08771494030952454,0.9090074300765991,0.9122849702835083
32,0.08866238594055176,0.09430219233036041,0.911337673664093,0.9056977033615112
33,0.08921889960765839,0.08892430365085602,0.9107810258865356,0.91107577085495
34,0.08808843791484833,0.08670834451913834,0.9119114875793457,0.9132916331291199
35,0.08685024082660675,0.08566232025623322,0.9131498336791992,0.9143378138542175
36,0.08620422333478928,0.08580733835697174,0.9137958288192749,0.9141925573348999
37,0.08595920354127884,0.08389247953891754,0.9140405654907227,0.9161076545715332
38,0.08576080948114395,0.08652852475643158,0.914239227771759,0.913471519947052
39,0.08737409859895706,0.08573736995458603,0.912625789642334,0.9142626523971558
40,0.08492729067802429,0.08428098261356354,0.9150726199150085,0.9157190322875977
41,0.08343278616666794,0.08259698003530502,0.9165672063827515,0.9174031019210815
42,0.08427747339010239,0.08512537181377411,0.9157225489616394,0.9148746728897095
43,0.08416102826595306,0.08290154486894608,0.915838897228241,0.9170984029769897
44,0.08434189110994339,0.08149439096450806,0.9156581163406372,0.9185054898262024
45,0.08208989351987839,0.08148932456970215,0.9179102182388306,0.9185107946395874
46,0.08176659047603607,0.0816887766122818,0.9182335734367371,0.9183112382888794
47,0.08088173717260361,0.07988925278186798,0.9191182851791382,0.9201107025146484
48,0.08003496378660202,0.07936345785856247,0.9199650883674622,0.9206365346908569
49,0.08071919530630112,0.07925515621900558,0.9192807078361511,0.9207450151443481
50,0.08161777257919312,0.0799003541469574,0.9183822870254517,0.9200997352600098
51,0.08041327446699142,0.08010252565145493,0.9195867776870728,0.9198975563049316
52,0.0810139924287796,0.0814133733510971,0.9189862012863159,0.9185867309570312
53,0.08139578998088837,0.07883120328187943,0.9186041951179504,0.9211686849594116
54,0.07986857742071152,0.07896454632282257,0.9201313853263855,0.9210354089736938
55,0.08041216433048248,0.08229704946279526,0.9195877313613892,0.9177030324935913
56,0.08050569146871567,0.07935608178377151,0.9194943308830261,0.9206439852714539
57,0.07989434152841568,0.07857709378004074,0.9201056361198425,0.9214228391647339
58,0.07811275124549866,0.0771617665886879,0.9218872785568237,0.9228383302688599
59,0.07718034833669662,0.07607896625995636,0.9228194952011108,0.9239209890365601
60,0.07683290541172028,0.07689100503921509,0.9231671094894409,0.9231089353561401
61,0.0786610022187233,0.07714598625898361,0.9213391542434692,0.9228540658950806
62,0.07786484062671661,0.077324278652668,0.9221353530883789,0.9226754307746887
63,0.07654134929180145,0.07580060511827469,0.9234585762023926,0.9241994023323059
64,0.07513616979122162,0.07384991645812988,0.9248636960983276,0.9261501431465149
65,0.0748385488986969,0.07482365518808365,0.9251613616943359,0.9251764416694641
66,0.0767597109079361,0.07577524334192276,0.9232403039932251,0.924224853515625
67,0.07592394202947617,0.07520793378353119,0.9240759611129761,0.9247919917106628
68,0.07649064064025879,0.07461264729499817,0.923509418964386,0.9253875017166138
69,0.07665587961673737,0.07556029409170151,0.9233440160751343,0.924439549446106
70,0.07452116161584854,0.07398612052202225,0.9254787564277649,0.9260139465332031
71,0.07549276947975159,0.07646938413381577,0.9245072603225708,0.9235302805900574
72,0.07615271210670471,0.07488689571619034,0.9238473176956177,0.9251130819320679
73,0.07578104734420776,0.07419680804014206,0.9242188334465027,0.9258033037185669
74,0.07545338571071625,0.07372699677944183,0.9245465993881226,0.9262730479240417
75,0.07346618175506592,0.07226146012544632,0.9265336990356445,0.9277386665344238
76,0.07292493432760239,0.0726228803396225,0.9270750284194946,0.9273772239685059
77,0.07353334873914719,0.0762215256690979,0.9264666438102722,0.9237785339355469
78,0.07603056728839874,0.07396098971366882,0.923969566822052,0.9260390400886536
79,0.07390689849853516,0.07571208477020264,0.9260932803153992,0.9242879152297974
80,0.07374533265829086,0.07177525013685226,0.9262545704841614,0.9282247424125671
81,0.07217611372470856,0.07242657244205475,0.9278237223625183,0.9275735020637512
82,0.0726616382598877,0.07229945808649063,0.9273382425308228,0.9277005195617676
83,0.07356615364551544,0.07289297878742218,0.9264338612556458,0.9271071553230286
84,0.07154759764671326,0.07113698124885559,0.9284524917602539,0.9288630485534668
85,0.07383255660533905,0.07614214718341827,0.9261674880981445,0.9238578081130981
86,0.07453659176826477,0.07822871208190918,0.9254635572433472,0.921771228313446
87,0.07491108030080795,0.07203315943479538,0.9250888824462891,0.9279667139053345
88,0.07166726887226105,0.07048405706882477,0.9283329248428345,0.9295159578323364
89,0.072787806391716,0.07213513553142548,0.9272122383117676,0.9278648495674133
90,0.07143707573413849,0.06973253190517426,0.9285629391670227,0.9302674531936646
91,0.07273406535387039,0.07063634693622589,0.9272659420967102,0.9293635487556458
92,0.0715765506029129,0.07023156434297562,0.9284234046936035,0.929768443107605
93,0.07220207154750824,0.07113874703645706,0.9277979135513306,0.9288613200187683
94,0.0733252540230751,0.07067746669054031,0.9266746640205383,0.9293226003646851
95,0.07075563073158264,0.07035119831562042,0.929244339466095,0.929648756980896
96,0.0699019581079483,0.06931620091199875,0.9300979375839233,0.9306837916374207
97,0.07096594572067261,0.07017149031162262,0.9290339350700378,0.9298286437988281
98,0.07094567269086838,0.07766348123550415,0.9290544390678406,0.9223362803459167
99,0.07403015345335007,0.0757002979516983,0.9259698987007141,0.9242997169494629
100,0.07179483771324158,0.07131677865982056,0.9282050132751465,0.9286831617355347
101,0.06970401108264923,0.06837552785873413,0.9302959442138672,0.9316245317459106
102,0.06866881996393204,0.06861965358257294,0.9313311576843262,0.9313804507255554
103,0.06889413297176361,0.06961872428655624,0.9311057925224304,0.9303812980651855
104,0.0695934146642685,0.07004836946725845,0.9304064512252808,0.9299516677856445
105,0.0690297931432724,0.06793437898159027,0.9309700727462769,0.9320657849311829
106,0.06843558698892593,0.0684252679347992,0.931564450263977,0.931574821472168
107,0.06908567249774933,0.06923118233680725,0.9309144020080566,0.9307689666748047
108,0.06925714761018753,0.06953679025173187,0.9307429194450378,0.9304631352424622
109,0.06887194514274597,0.06879028677940369,0.9311281442642212,0.9312097430229187
110,0.0685674399137497,0.06769241392612457,0.9314324259757996,0.9323076009750366
111,0.06802240014076233,0.06794241070747375,0.9319777488708496,0.9320575594902039
112,0.06823475658893585,0.06814709305763245,0.9317652583122253,0.9318526983261108
113,0.06805651634931564,0.06674367189407349,0.931943416595459,0.9332563281059265
114,0.06742021441459656,0.0672750324010849,0.9325796961784363,0.9327249526977539
115,0.06785368174314499,0.06699328124523163,0.9321465492248535,0.9330066442489624
116,0.0684545561671257,0.06819342076778412,0.9315453767776489,0.9318065643310547
117,0.06794203817844391,0.06769008934497833,0.9320580363273621,0.9323099255561829
118,0.06910943239927292,0.07092048972845078,0.9308904409408569,0.9290794134140015
119,0.07084693014621735,0.06930582225322723,0.9291530847549438,0.9306942224502563
120,0.07029678672552109,0.06847526133060455,0.9297031164169312,0.9315246343612671
121,0.06861049681901932,0.06803819537162781,0.931389331817627,0.9319618344306946
122,0.06792815029621124,0.06821851432323456,0.9320719838142395,0.9317812919616699
123,0.06825709342956543,0.0678548514842987,0.9317429661750793,0.9321451187133789
124,0.06819282472133636,0.07692679762840271,0.9318070411682129,0.9230731725692749
125,0.0691552460193634,0.06812935322523117,0.930844783782959,0.9318706393241882
126,0.06716672331094742,0.06617423892021179,0.932833194732666,0.9338257908821106
127,0.06680868566036224,0.06619437783956528,0.933191180229187,0.9338056445121765
128,0.06722129881381989,0.06705047190189362,0.9327786564826965,0.9329495429992676
129,0.06605152040719986,0.06636723130941391,0.9339483976364136,0.9336327314376831
130,0.06713368743658066,0.06709515303373337,0.9328663945198059,0.9329047203063965
131,0.06788298487663269,0.0688616931438446,0.9321171641349792,0.9311383366584778
132,0.07071192562580109,0.07002061605453491,0.9292882084846497,0.9299793243408203
133,0.06817499548196793,0.06753002852201462,0.9318251609802246,0.9324699640274048
134,0.0669083222746849,0.06807346642017365,0.9330918192863464,0.931926429271698
135,0.06698239594697952,0.06604252010583878,0.9330175518989563,0.9339574575424194
136,0.06663233041763306,0.06611651927232742,0.9333675503730774,0.9338833689689636
137,0.06607000529766083,0.06530115008354187,0.9339300394058228,0.9346989393234253
138,0.06573186069726944,0.06512857228517532,0.9342681765556335,0.93487149477005
139,0.06488148868083954,0.06607124209403992,0.9351184964179993,0.9339288473129272
140,0.06522025913000107,0.06595085561275482,0.9347797632217407,0.934049129486084
141,0.06522469222545624,0.06418267637491226,0.9347752332687378,0.9358172416687012
142,0.06523473560810089,0.06499864906072617,0.9347653388977051,0.9350012540817261
143,0.06479470431804657,0.06469812244176865,0.9352052807807922,0.9353018999099731
144,0.0654275119304657,0.06669128686189651,0.934572696685791,0.9333088994026184
145,0.06990567594766617,0.06626135855913162,0.9300943613052368,0.9337385892868042
146,0.0666642040014267,0.06567926704883575,0.9333359003067017,0.9343207478523254
147,0.06640346348285675,0.06589106470346451,0.9335964322090149,0.9341089129447937
148,0.06596797704696655,0.06529062986373901,0.9340319633483887,0.9347095489501953
149,0.06455327570438385,0.06344963610172272,0.9354467391967773,0.936550498008728
150,0.06449602544307709,0.06414086371660233,0.9355038404464722,0.9358590245246887
151,0.06548991054296494,0.064907968044281,0.934510350227356,0.9350920915603638
152,0.06524538993835449,0.0648479014635086,0.9347546696662903,0.9351520538330078
153,0.06415870040655136,0.06509620696306229,0.9358413815498352,0.934903621673584
154,0.06505060940980911,0.06577203422784805,0.934949517250061,0.9342279434204102
155,0.06523095816373825,0.064987912774086,0.9347691535949707,0.9350120425224304
156,0.06493514776229858,0.0639164000749588,0.9350647926330566,0.9360836744308472
157,0.06603001058101654,0.06565017253160477,0.9339700937271118,0.9343496561050415
158,0.06629317998886108,0.06525680422782898,0.9337068796157837,0.9347431063652039
159,0.06520626693964005,0.06523726135492325,0.9347936511039734,0.9347627758979797
160,0.06497201323509216,0.06331203877925873,0.9350278973579407,0.9366880655288696
161,0.06354514509439468,0.06399238854646683,0.9364547729492188,0.9360076785087585
162,0.0639469102025032,0.06385834515094757,0.9360529184341431,0.9361414909362793
163,0.06494585424661636,0.0645599439740181,0.9350541234016418,0.9354400634765625
164,0.06511655449867249,0.0633486658334732,0.9348834753036499,0.9366514086723328
165,0.06416039168834686,0.06448311358690262,0.9358396530151367,0.9355169534683228
166,0.06615527719259262,0.06731613725423813,0.9338447451591492,0.9326838254928589
167,0.06419415771961212,0.06357904523611069,0.9358059167861938,0.9364209175109863
168,0.06434644758701324,0.06376758217811584,0.935653567314148,0.9362323880195618
169,0.06382347643375397,0.06421452015638351,0.936176598072052,0.9357854127883911
170,0.06376778334379196,0.06393583863973618,0.9362322688102722,0.9360641241073608
171,0.06338786333799362,0.06243949383497238,0.9366122484207153,0.9375603795051575
172,0.06253862380981445,0.06407524645328522,0.9374613761901855,0.9359248280525208
173,0.06393472105264664,0.06375066190958023,0.9360651969909668,0.9362492561340332
174,0.06482390314340591,0.06461870670318604,0.9351760745048523,0.935381293296814
175,0.06485400348901749,0.06286759674549103,0.9351460337638855,0.9371326565742493
176,0.06499059498310089,0.06456156075000763,0.9350093603134155,0.935438334941864
177,0.0647759661078453,0.06240406632423401,0.935224175453186,0.9375959634780884
178,0.06329682469367981,0.06313018500804901,0.9367032051086426,0.9368698000907898
179,0.06366398185491562,0.0645080953836441,0.9363358616828918,0.9354919195175171
180,0.06447272002696991,0.06414105743169785,0.9355271458625793,0.9358588457107544
181,0.06351565569639206,0.06206582859158516,0.9364842176437378,0.9379341006278992
182,0.0633697435259819,0.06495831906795502,0.9366302490234375,0.935041606426239
183,0.06349100172519684,0.06344275921583176,0.9365090131759644,0.9365571737289429
184,0.0635153204202652,0.062407661229372025,0.9364848136901855,0.9375923871994019
185,0.06359024345874786,0.06368030607700348,0.9364096522331238,0.9363198280334473
186,0.06332430243492126,0.0629807636141777,0.9366757273674011,0.9370190501213074
187,0.06293243169784546,0.06220800429582596,0.9370676279067993,0.9377919435501099
188,0.06264271587133408,0.06162494421005249,0.9373572468757629,0.9383751749992371
189,0.061808280646800995,0.061236970126628876,0.9381917119026184,0.9387629628181458
190,0.0624246783554554,0.06243926286697388,0.9375755190849304,0.9375606775283813
191,0.06295840442180634,0.06202278286218643,0.9370416402816772,0.9379774332046509
192,0.06222161650657654,0.06193128228187561,0.9377783536911011,0.9380688667297363
193,0.0629204735159874,0.06271854043006897,0.9370795488357544,0.9372814297676086
194,0.06485393643379211,0.06240839511156082,0.9351458549499512,0.937591552734375
195,0.06268450617790222,0.06274352222681046,0.9373155832290649,0.9372563362121582
196,0.062207192182540894,0.06263268738985062,0.9377927780151367,0.93736732006073
197,0.06319046020507812,0.06366430222988129,0.9368095397949219,0.9363356828689575
198,0.06360495835542679,0.06337326765060425,0.9363950490951538,0.9366265535354614
199,0.06278081238269806,0.06171257421374321,0.9372191429138184,0.9382875561714172
200,0.06219032406806946,0.06206066533923149,0.9378097653388977,0.9379393458366394
201,0.06165008991956711,0.060934267938137054,0.9383499026298523,0.9390657544136047
202,0.06210634857416153,0.06183598190546036,0.9378935694694519,0.9381640553474426
203,0.06190577149391174,0.06293398141860962,0.938094437122345,0.9370659589767456
204,0.06203049421310425,0.06163755804300308,0.9379695057868958,0.9383624196052551
205,0.06078282743692398,0.060429323464632034,0.9392170906066895,0.9395706057548523
206,0.061599355190992355,0.0629512369632721,0.9384007453918457,0.9370487332344055
207,0.06317146122455597,0.061957430094480515,0.9368284940719604,0.9380426406860352
208,0.06147092580795288,0.06163027137517929,0.9385291337966919,0.9383697509765625
209,0.06117909401655197,0.06020530313253403,0.9388209581375122,0.9397947192192078
210,0.061431169509887695,0.06115492060780525,0.9385687708854675,0.938845157623291
211,0.06186041980981827,0.06290829181671143,0.9381397366523743,0.9370916485786438
212,0.06218479201197624,0.060865361243486404,0.9378153085708618,0.9391347169876099
213,0.06108267232775688,0.06016100198030472,0.9389172792434692,0.9398390650749207
214,0.06128980591893196,0.06195636838674545,0.9387102127075195,0.9380435943603516
215,0.06112139672040939,0.06108451634645462,0.9388786554336548,0.9389154314994812
216,0.06208014488220215,0.061486195772886276,0.9379197955131531,0.9385138750076294
217,0.06188163161277771,0.06106330826878548,0.9381183385848999,0.9389365911483765
218,0.06215554475784302,0.061496227979660034,0.937844455242157,0.9385038614273071
219,0.06289678812026978,0.06263013184070587,0.937103271484375,0.9373698234558105
220,0.061970584094524384,0.06032232195138931,0.938029408454895,0.9396777153015137
221,0.061313919723033905,0.06182459741830826,0.9386860728263855,0.93817538022995
222,0.06372955441474915,0.06279030442237854,0.9362704157829285,0.9372096061706543
223,0.06435779482126236,0.06380213797092438,0.9356421232223511,0.9361979365348816
224,0.06229647994041443,0.06128450483083725,0.9377034902572632,0.9387154579162598
225,0.06245932728052139,0.06101261451840401,0.9375407099723816,0.9389874339103699
226,0.06056130677461624,0.061043523252010345,0.9394386410713196,0.9389564394950867
227,0.06060350686311722,0.06022955849766731,0.9393965005874634,0.9397703409194946
228,0.06093509867787361,0.06263667345046997,0.9390649795532227,0.9373632669448853
229,0.061750300228595734,0.0610036626458168,0.9382497072219849,0.9389963150024414
230,0.06109088659286499,0.06173274666070938,0.9389088749885559,0.9382673501968384
231,0.06020931154489517,0.060803841799497604,0.9397907257080078,0.9391962289810181
232,0.05980542302131653,0.05922486260533333,0.9401946067810059,0.9407752156257629
233,0.060560960322618484,0.05997544527053833,0.9394389986991882,0.9400246739387512
234,0.05996109917759895,0.0593697652220726,0.940038800239563,0.940630316734314
235,0.0598762109875679,0.060756195336580276,0.9401238560676575,0.9392437934875488
236,0.0613463893532753,0.06098867580294609,0.9386534690856934,0.9390112161636353
237,0.060033343732357025,0.05922505259513855,0.9399666786193848,0.9407750368118286
238,0.059045691043138504,0.05911480635404587,0.9409543871879578,0.9408852458000183
239,0.05999264866113663,0.06382347643375397,0.940007209777832,0.9361764788627625
240,0.06207991763949394,0.060216762125492096,0.9379202127456665,0.9397834539413452
241,0.060180991888046265,0.06044789403676987,0.9398189783096313,0.9395521283149719
242,0.060012735426425934,0.06045941635966301,0.9399871826171875,0.9395405650138855
243,0.060267649590969086,0.06280577927827835,0.9397321939468384,0.9371942281723022
244,0.06133174151182175,0.061080098152160645,0.9386682510375977,0.9389199018478394
245,0.06291739642620087,0.06866569817066193,0.9370826482772827,0.931334376335144
246,0.0627814531326294,0.05998959019780159,0.9372185468673706,0.9400105476379395
247,0.059861402958631516,0.05882151052355766,0.9401386380195618,0.9411786198616028
248,0.05988023802638054,0.06007866933941841,0.9401196241378784,0.9399213790893555
249,0.06011641025543213,0.059876613318920135,0.9398837089538574,0.9401235580444336
250,0.06069638207554817,0.060506273061037064,0.9393037557601929,0.9394936561584473
251,0.060271769762039185,0.05955030396580696,0.9397283792495728,0.940449595451355
252,0.06009485200047493,0.060638587921857834,0.9399051666259766,0.9393614530563354
253,0.05983344465494156,0.05925549939274788,0.9401663541793823,0.9407445192337036
254,0.05908843129873276,0.05833397060632706,0.9409112930297852,0.9416659474372864
255,0.0583648756146431,0.058989834040403366,0.9416351318359375,0.9410101771354675
256,0.05885065719485283,0.062293313443660736,0.9411492347717285,0.9377067685127258
257,0.059280604124069214,0.05842957645654678,0.9407194256782532,0.9415704607963562
258,0.0588647834956646,0.058078207075595856,0.9411354064941406,0.9419217109680176
259,0.058705221861600876,0.059416938573122025,0.94129478931427,0.9405830502510071
260,0.05933070927858353,0.05893971771001816,0.9406693577766418,0.9410602450370789
261,0.05906900763511658,0.058375388383865356,0.9409312009811401,0.9416245222091675
262,0.0585474967956543,0.05747390538454056,0.9414525032043457,0.9425261616706848
263,0.059895019978284836,0.05961238220334053,0.9401048421859741,0.9403877258300781
264,0.0608014352619648,0.06077331304550171,0.9391986131668091,0.9392268061637878
265,0.059630416333675385,0.06039652228355408,0.9403694272041321,0.9396034479141235
266,0.059896670281887054,0.05876179784536362,0.9401034116744995,0.941238284111023
267,0.05909603834152222,0.058471016585826874,0.9409039616584778,0.9415289759635925
268,0.0593220591545105,0.058468181639909744,0.9406780004501343,0.9415318369865417
269,0.0586097426712513,0.057954587042331696,0.9413902163505554,0.9420455098152161
270,0.05897468328475952,0.058212488889694214,0.9410252571105957,0.941787600517273
271,0.05814483016729355,0.057306982576847076,0.941855251789093,0.9426929354667664
272,0.058036137372255325,0.05927357077598572,0.9419639706611633,0.9407264590263367
273,0.059780020266771317,0.059538643807172775,0.9402198791503906,0.9404613375663757
274,0.06016097590327263,0.05991203337907791,0.939839243888855,0.9400879740715027
275,0.05933304876089096,0.05849785730242729,0.9406670331954956,0.9415022730827332
276,0.058808766305446625,0.05807202309370041,0.9411913752555847,0.9419279098510742
277,0.05805237218737602,0.05860437825322151,0.9419476389884949,0.9413957595825195
278,0.05926169082522392,0.057746075093746185,0.9407383799552917,0.9422540664672852
279,0.05849160999059677,0.05856936052441597,0.9415082931518555,0.9414305686950684
280,0.05830187723040581,0.06061141937971115,0.9416980743408203,0.9393883943557739
281,0.06043630093336105,0.05977470427751541,0.9395637512207031,0.9402253031730652
282,0.06061505153775215,0.06407266110181808,0.9393850564956665,0.9359273910522461
283,0.06021081283688545,0.05890791490674019,0.9397891163825989,0.9410921931266785
284,0.058114420622587204,0.057845212519168854,0.9418855905532837,0.9421547651290894
285,0.05916852504014969,0.0602906160056591,0.9408315420150757,0.939709484577179
286,0.059392523020505905,0.058221619576215744,0.9406075477600098,0.9417784810066223
287,0.058528464287519455,0.0604669526219368,0.9414715766906738,0.9395331144332886
288,0.05968663841485977,0.05880060791969299,0.940313458442688,0.9411994814872742
289,0.0584411546587944,0.05872092768549919,0.9415590167045593,0.9412792325019836
290,0.05870836228132248,0.05774639919400215,0.9412916898727417,0.9422537088394165
291,0.0583127923309803,0.057319313287734985,0.941687285900116,0.9426806569099426
292,0.058053404092788696,0.05764316767454147,0.9419466257095337,0.9423565864562988
293,0.05985551327466965,0.058181703090667725,0.940144419670105,0.9418184161186218
294,0.059382807463407516,0.05983030050992966,0.9406172633171082,0.9401698112487793
295,0.059226375073194504,0.05838619917631149,0.940773606300354,0.9416137933731079
296,0.057855598628520966,0.057883936911821365,0.942144513130188,0.9421161413192749
297,0.05859188362956047,0.058379340916872025,0.9414082765579224,0.9416206479072571
298,0.059259213507175446,0.05760865658521652,0.9407407641410828,0.9423912763595581
299,0.056914471089839935,0.05627455562353134,0.9430855512619019,0.9437254667282104
300,0.05733773112297058,0.057289063930511475,0.9426624178886414,0.9427108764648438
301,0.057621635496616364,0.056905597448349,0.9423784017562866,0.9430944323539734
302,0.05780041217803955,0.057941775768995285,0.94219970703125,0.9420582056045532
303,0.05817162245512009,0.057848066091537476,0.9418283700942993,0.942151665687561
304,0.05798142030835152,0.05784115940332413,0.9420186877250671,0.9421588778495789
305,0.059261392802000046,0.060182034969329834,0.9407385587692261,0.9398180246353149
306,0.058989666402339935,0.05935972183942795,0.9410101771354675,0.9406402707099915
307,0.058885253965854645,0.057804130017757416,0.941114604473114,0.9421960115432739
308,0.05806853622198105,0.05708055943250656,0.9419312477111816,0.942919135093689
309,0.05692105367779732,0.05664701387286186,0.943078875541687,0.9433528780937195
310,0.05790264531970024,0.05800924822688103,0.9420973658561707,0.9419906735420227
311,0.057810328900814056,0.05705695226788521,0.9421895742416382,0.9429429769515991
312,0.05675925686955452,0.05628432705998421,0.9432406425476074,0.9437157511711121
313,0.05735747888684273,0.05725894123315811,0.9426425099372864,0.9427412152290344
314,0.05783408135175705,0.05792133882641792,0.9421660304069519,0.9420787692070007
315,0.05789709836244583,0.056902892887592316,0.9421030282974243,0.9430971145629883
316,0.05823979899287224,0.05792304873466492,0.941760241985321,0.9420769810676575
317,0.05857515335083008,0.05740076303482056,0.9414248466491699,0.9425991773605347
318,0.05800797790288925,0.0575079545378685,0.9419921040534973,0.9424920082092285
319,0.05792570114135742,0.05731261894106865,0.942074179649353,0.9426873326301575
320,0.057513557374477386,0.05663927271962166,0.9424864053726196,0.9433609247207642
321,0.057097263634204865,0.05728108808398247,0.9429027438163757,0.9427189826965332
322,0.05809440091252327,0.0580601766705513,0.9419054985046387,0.9419399499893188
323,0.05975660681724548,0.05978037044405937,0.9402432441711426,0.940219521522522
324,0.0593855157494545,0.058270614594221115,0.9406143426895142,0.9417293667793274
325,0.05895458534359932,0.0573868565261364,0.9410454034805298,0.9426130056381226
326,0.058494050055742264,0.0569978728890419,0.9415060877799988,0.9430022239685059
327,0.0569436252117157,0.05660533159971237,0.9430562853813171,0.943394660949707
328,0.056569404900074005,0.0566176101565361,0.9434306025505066,0.9433825612068176
329,0.05717906355857849,0.05675546079874039,0.9428209066390991,0.9432446360588074
330,0.0569208487868309,0.056633323431015015,0.9430791735649109,0.943366527557373
331,0.057049572467803955,0.05644162371754646,0.9429503679275513,0.9435580968856812
332,0.05701146647334099,0.058498382568359375,0.9429885149002075,0.9415014982223511
333,0.05675113946199417,0.05674291402101517,0.9432487487792969,0.9432571530342102
334,0.05708692595362663,0.05629916861653328,0.9429131746292114,0.943700909614563
335,0.05755733698606491,0.05716214329004288,0.9424427151679993,0.9428378939628601
336,0.05741915851831436,0.05937565490603447,0.9425808191299438,0.9406245350837708
337,0.05804436653852463,0.05596737191081047,0.94195556640625,0.9440326690673828
338,0.05673128366470337,0.05717318505048752,0.9432687759399414,0.9428267478942871
339,0.05697495862841606,0.05595431849360466,0.9430251121520996,0.9440457224845886
340,0.05680839344859123,0.05666416138410568,0.943191647529602,0.9433358907699585
341,0.056899141520261765,0.05636848136782646,0.9431007504463196,0.9436314702033997
342,0.05682411044836044,0.057606346905231476,0.9431759715080261,0.9423936009407043
343,0.0565963014960289,0.0556730218231678,0.9434038400650024,0.9443268775939941
344,0.05657012015581131,0.05688975006341934,0.9434298276901245,0.9431101679801941
345,0.05624032020568848,0.05590254068374634,0.9437597393989563,0.9440973997116089
346,0.056299448013305664,0.056374479085206985,0.9437006115913391,0.9436254501342773
347,0.056467920541763306,0.05598966404795647,0.9435321092605591,0.9440101385116577
348,0.05756111070513725,0.060525279492139816,0.942439079284668,0.9394747614860535
349,0.05971599742770195,0.05735277384519577,0.9402839541435242,0.9426471590995789
350,0.05698304623365402,0.056204356253147125,0.9430170059204102,0.9437956809997559
351,0.05615506321191788,0.056246429681777954,0.9438449740409851,0.9437536001205444
352,0.05737351253628731,0.059409547597169876,0.9426263570785522,0.940590500831604
353,0.05863412469625473,0.05774398520588875,0.9413658976554871,0.9422558546066284
354,0.057431660592556,0.0568532757461071,0.942568302154541,0.9431465864181519
355,0.057126909494400024,0.056614525616168976,0.9428731203079224,0.9433854818344116
356,0.05734354257583618,0.05700740963220596,0.9426563382148743,0.9429928660392761
357,0.05691803619265556,0.05647799372673035,0.9430820345878601,0.9435219764709473
358,0.05762823671102524,0.05691307783126831,0.9423717260360718,0.9430868029594421
359,0.056737709790468216,0.057223111391067505,0.9432623982429504,0.942777156829834
360,0.05736737325787544,0.05710344389081001,0.9426326751708984,0.9428965449333191
361,0.05749446153640747,0.05906426161527634,0.9425056576728821,0.9409359097480774
362,0.0578489787876606,0.0566701777279377,0.9421510696411133,0.9433296918869019
363,0.05710742622613907,0.05708858370780945,0.9428926706314087,0.9429113268852234
364,0.05634290724992752,0.055913638323545456,0.9436571002006531,0.9440864324569702
365,0.05567316338419914,0.05649890378117561,0.9443267583847046,0.9435011148452759
366,0.05599850416183472,0.05565712973475456,0.9440015554428101,0.944343090057373
367,0.05568753555417061,0.05544183775782585,0.9443123936653137,0.944558322429657
368,0.05553906410932541,0.05503511428833008,0.9444611668586731,0.9449648857116699
369,0.055632300674915314,0.05585991591215134,0.9443677663803101,0.9441401362419128
370,0.05672863870859146,0.05501692369580269,0.9432713389396667,0.944983184337616
371,0.0556897409260273,0.05703921243548393,0.9443103075027466,0.9429608583450317
372,0.055888719856739044,0.055306218564510345,0.9441113471984863,0.9446936845779419
373,0.05549667403101921,0.05582227185368538,0.9445034265518188,0.9441779255867004
374,0.05571863800287247,0.056075192987918854,0.944281280040741,0.9439247250556946
375,0.05581469461321831,0.05552764981985092,0.9441852569580078,0.9444724917411804
376,0.05571194365620613,0.0567413792014122,0.9442880749702454,0.9432587623596191
377,0.057728417217731476,0.05850167199969292,0.9422715306282043,0.9414982795715332
378,0.05812644958496094,0.05610183998942375,0.9418737292289734,0.94389808177948
379,0.05721023678779602,0.05745101720094681,0.9427897334098816,0.942548930644989
380,0.05852164700627327,0.05967886373400688,0.9414782524108887,0.9403210878372192
381,0.058595843613147736,0.060440968722105026,0.9414039850234985,0.9395591020584106
382,0.058158885687589645,0.05756818503141403,0.9418408274650574,0.942431628704071
383,0.05764107033610344,0.05804318189620972,0.9423588514328003,0.9419568777084351
384,0.056967537850141525,0.05542399361729622,0.943032443523407,0.9445759654045105
385,0.055951617658138275,0.05538570135831833,0.9440485239028931,0.9446141123771667
386,0.0552813895046711,0.05434248968958855,0.9447187185287476,0.9456575512886047
387,0.05481674149632454,0.05475150793790817,0.945183277130127,0.9452484846115112
388,0.055247336626052856,0.0547146201133728,0.94475257396698,0.9452856183052063
389,0.05554654449224472,0.05569925159215927,0.9444535374641418,0.9443007707595825
390,0.05589873343706131,0.05466584488749504,0.9441013336181641,0.945334255695343
391,0.05508763715624809,0.054917894303798676,0.944912314414978,0.9450820088386536
392,0.05538390204310417,0.05504671856760979,0.9446159601211548,0.9449531435966492
393,0.0554429367184639,0.055383455008268356,0.9445570707321167,0.9446163177490234
394,0.056115906685590744,0.055315326899290085,0.943884015083313,0.9446846842765808
395,0.055528830736875534,0.054875485599040985,0.944471001625061,0.9451245069503784
396,0.055289722979068756,0.05446859076619148,0.9447101354598999,0.9455314874649048
397,0.05482878163456917,0.054196786135435104,0.9451711773872375,0.9458033442497253
398,0.0546456053853035,0.05439331382513046,0.9453542828559875,0.9456065893173218
399,0.05489790439605713,0.05436205863952637,0.9451022148132324,0.9456380009651184
400,0.055810898542404175,0.05694545432925224,0.9441889524459839,0.9430544972419739
401,0.058724045753479004,0.05819854140281677,0.941275954246521,0.9418014287948608
402,0.05763041973114014,0.05660136416554451,0.9423695802688599,0.9433987736701965
403,0.05739421397447586,0.05758598446846008,0.9426054954528809,0.9424139261245728
404,0.05632618069648743,0.05562544986605644,0.9436737895011902,0.9443744421005249
405,0.0562526173889637,0.05723049119114876,0.9437474012374878,0.9427694082260132
406,0.055575884878635406,0.05449371412396431,0.944424033164978,0.9455063939094543
407,0.054866723716259,0.05417846888303757,0.9451333284378052,0.9458215832710266
408,0.05464606359601021,0.055000416934490204,0.9453538656234741,0.9449995160102844
409,0.05592641234397888,0.05559678003191948,0.9440736770629883,0.9444029927253723
410,0.05550726503133774,0.05593808740377426,0.9444926977157593,0.9440619349479675
411,0.05795157700777054,0.05642252415418625,0.9420485496520996,0.9435775876045227
412,0.057867247611284256,0.0565386526286602,0.9421327710151672,0.9434614181518555
413,0.05717041343450546,0.06179450824856758,0.9428294897079468,0.9382054209709167
414,0.05736733227968216,0.05579441785812378,0.9426326751708984,0.944205641746521
415,0.05589137598872185,0.05603308230638504,0.9441086053848267,0.9439669847488403
416,0.0550571009516716,0.05557181313633919,0.9449429512023926,0.9444280862808228
417,0.056892018765211105,0.05517077445983887,0.9431079030036926,0.9448291659355164
418,0.05562373250722885,0.055219896137714386,0.9443761706352234,0.9447800517082214
419,0.05532343313097954,0.0546058714389801,0.9446765780448914,0.9453940391540527
420,0.055000293999910355,0.056710731238126755,0.9449996948242188,0.9432891607284546
421,0.055105872452259064,0.05521417781710625,0.9448941349983215,0.9447858929634094
422,0.05528637766838074,0.05613376945257187,0.9447135925292969,0.9438661336898804
423,0.054744429886341095,0.05360013246536255,0.94525545835495,0.9463998079299927
424,0.053914301097393036,0.054347556084394455,0.9460858106613159,0.9456524848937988
425,0.053990207612514496,0.053777825087308884,0.9460098147392273,0.9462221264839172
426,0.054850369691848755,0.05559290200471878,0.9451497197151184,0.9444071650505066
427,0.055058062076568604,0.05641674995422363,0.9449419975280762,0.9435833096504211
428,0.056153248995542526,0.05535503104329109,0.9438468217849731,0.9446450471878052
429,0.05620063468813896,0.0546100027859211,0.9437993764877319,0.9453901052474976
430,0.056070707738399506,0.054534606635570526,0.9439291954040527,0.9454654455184937
431,0.05481066554784775,0.054212141782045364,0.9451891779899597,0.945787787437439
432,0.055117420852184296,0.05560698360204697,0.9448825716972351,0.9443930387496948
433,0.05529884248971939,0.05568097159266472,0.9447013139724731,0.9443191289901733
434,0.05641292408108711,0.055846236646175385,0.9435870051383972,0.9441537857055664
435,0.055366288870573044,0.0549735426902771,0.9446336627006531,0.9450265765190125
436,0.05558760091662407,0.057108379900455475,0.944412350654602,0.9428917169570923
437,0.0564282052218914,0.05736423283815384,0.943571925163269,0.9426356554031372
438,0.05680886656045914,0.054974377155303955,0.9431912302970886,0.945025622844696
439,0.054847680032253265,0.05509810894727707,0.9451522827148438,0.9449018239974976
440,0.05491850525140762,0.054887671023607254,0.9450815320014954,0.9451123476028442
441,0.055627189576625824,0.0562240295112133,0.9443727731704712,0.9437759518623352
442,0.05513186380267143,0.05419067293405533,0.9448682069778442,0.9458093643188477
443,0.05636047571897507,0.056512899696826935,0.9436393976211548,0.943487286567688
444,0.05576538294553757,0.054515205323696136,0.9442344903945923,0.9454846382141113
445,0.055758036673069,0.05542737990617752,0.944242000579834,0.9445726275444031
446,0.055796392261981964,0.05514434725046158,0.9442036747932434,0.9448556900024414
447,0.05506691336631775,0.05425430089235306,0.9449330568313599,0.945745587348938
448,0.05461176484823227,0.05414909869432449,0.9453884363174438,0.9458509683609009
449,0.054591238498687744,0.054909415543079376,0.945408821105957,0.945090651512146
450,0.05629041790962219,0.0551019124686718,0.9437094926834106,0.9448981285095215
451,0.055333804339170456,0.05434659868478775,0.9446662068367004,0.9456534385681152
452,0.05412406474351883,0.0548006072640419,0.9458759427070618,0.9451994895935059
453,0.054524701088666916,0.05382354184985161,0.9454752802848816,0.9461764097213745
454,0.05420361086726189,0.053695421665906906,0.9457964897155762,0.9463046789169312
455,0.054869912564754486,0.05375824123620987,0.9451302289962769,0.9462418556213379
456,0.05487407371401787,0.056095968931913376,0.9451258778572083,0.9439041018486023
457,0.054297395050525665,0.0539078526198864,0.9457026720046997,0.9460922479629517
458,0.05380905419588089,0.053386151790618896,0.9461909532546997,0.9466139078140259
459,0.05372735857963562,0.052915919572114944,0.9462725520133972,0.9470840692520142
460,0.053352080285549164,0.05363963171839714,0.9466479420661926,0.9463605880737305
461,0.05338882654905319,0.05322533845901489,0.9466111063957214,0.9467746019363403
462,0.05388466641306877,0.0544423833489418,0.9461154937744141,0.9455575942993164
463,0.054410725831985474,0.053603798151016235,0.9455891847610474,0.9463961720466614
464,0.05655919760465622,0.05620709806680679,0.9434407949447632,0.9437926411628723
465,0.05563252046704292,0.055675677955150604,0.9443675875663757,0.9443243741989136
466,0.054713714867830276,0.054148755967617035,0.9452863931655884,0.9458513259887695
467,0.054672203958034515,0.055273763835430145,0.9453277587890625,0.944726288318634
468,0.05491623282432556,0.054349154233932495,0.945083737373352,0.9456506967544556
469,0.05460018664598465,0.05451745539903641,0.9453996419906616,0.9454825520515442
470,0.05552754923701286,0.05560442805290222,0.9444724917411804,0.9443955421447754
471,0.054310888051986694,0.054223448038101196,0.9456890225410461,0.9457765817642212
472,0.05388117954134941,0.05297035723924637,0.9461186528205872,0.9470295906066895
473,0.05361323803663254,0.053937189280986786,0.9463868141174316,0.9460630416870117
474,0.05420495942234993,0.053617704659700394,0.945794939994812,0.9463822245597839
475,0.053984224796295166,0.054720960557460785,0.9460158348083496,0.9452792406082153
476,0.053386397659778595,0.05265967920422554,0.9466134905815125,0.9473403096199036
477,0.05360663682222366,0.05332474038004875,0.9463933706283569,0.946675181388855
478,0.05364329740405083,0.05337602645158768,0.9463566541671753,0.9466239809989929
479,0.05408322811126709,0.053481120616197586,0.9459167718887329,0.9465187788009644
480,0.054440952837467194,0.054284222424030304,0.945559024810791,0.9457157254219055
481,0.054991621524095535,0.05702175572514534,0.945008397102356,0.9429782032966614
482,0.05439513176679611,0.054126638919115067,0.9456049799919128,0.9458733797073364
483,0.054296065121889114,0.05512766167521477,0.9457038044929504,0.9448724985122681
484,0.05566205456852913,0.05485650897026062,0.9443380236625671,0.9451435208320618
485,0.05442772060632706,0.05343194678425789,0.9455722570419312,0.9465678930282593
486,0.05428529530763626,0.05344383791089058,0.9457146525382996,0.9465562105178833
487,0.05395255237817764,0.05338577553629875,0.9460474848747253,0.9466142654418945
488,0.05433928966522217,0.053453732281923294,0.9456607699394226,0.9465465545654297
489,0.05431491881608963,0.053691763430833817,0.9456852078437805,0.9463082551956177
490,0.05439483001828194,0.05376986786723137,0.9456050992012024,0.9462300539016724
491,0.054006583988666534,0.05299875885248184,0.9459935426712036,0.9470011591911316
492,0.05349531024694443,0.05273927375674248,0.9465047121047974,0.947260856628418
493,0.0531880185008049,0.05262044817209244,0.9468119740486145,0.9473797082901001
494,0.05302073806524277,0.05300150439143181,0.9469793438911438,0.9469984173774719
495,0.05312914401292801,0.05269365385174751,0.9468708038330078,0.9473063349723816
496,0.05324288457632065,0.05373741313815117,0.9467570185661316,0.9462626576423645
497,0.05473756045103073,0.05407881736755371,0.9452623128890991,0.9459212422370911
498,0.05467291921377182,0.054987531155347824,0.9453269839286804,0.9450125694274902
499,0.055627502501010895,0.05446261912584305,0.9443724751472473,0.9455373883247375
500,0.0552273765206337,0.05506817251443863,0.9447727203369141,0.94493168592453
501,0.05490172654390335,0.054356418550014496,0.9450984001159668,0.9456436038017273
502,0.05478217080235481,0.05745686963200569,0.9452179074287415,0.9425430297851562
503,0.0541316382586956,0.054074060171842575,0.9458683133125305,0.9459258913993835
504,0.05377852916717529,0.05341898277401924,0.9462214708328247,0.9465810656547546
505,0.054655272513628006,0.05403245612978935,0.9453447461128235,0.9459675550460815
506,0.053854040801525116,0.053124137222766876,0.9461460113525391,0.9468759298324585
507,0.053637247532606125,0.053038306534290314,0.9463628530502319,0.9469617009162903
508,0.05417485907673836,0.05340012162923813,0.9458249807357788,0.946600079536438
509,0.05408737063407898,0.05342365428805351,0.9459125399589539,0.9465762972831726
510,0.05367492511868477,0.052419163286685944,0.9463250041007996,0.9475808143615723
511,0.05304825305938721,0.05310305207967758,0.946951687335968,0.9468969106674194
512,0.052874576300382614,0.05205018073320389,0.9471254348754883,0.9479498863220215
513,0.0528157576918602,0.05293434113264084,0.9471842050552368,0.9470656514167786
514,0.05337682366371155,0.05365055054426193,0.9466231465339661,0.9463494420051575
515,0.054445069283246994,0.05513704940676689,0.9455547332763672,0.9448628425598145
516,0.05566059425473213,0.0564521960914135,0.944339394569397,0.9435479044914246
517,0.055459458380937576,0.0553969070315361,0.9445406198501587,0.9446031451225281
518,0.05522827059030533,0.054427336901426315,0.9447716474533081,0.945572555065155
519,0.054886214435100555,0.05848629027605057,0.9451137781143188,0.9415136575698853
520,0.055029790848493576,0.053960926830768585,0.9449703097343445,0.9460390210151672
521,0.053905218839645386,0.05453450232744217,0.9460946321487427,0.9454653859138489
522,0.05407598614692688,0.05337740108370781,0.9459239840507507,0.9466226696968079
523,0.05347472429275513,0.053096313029527664,0.9465252757072449,0.9469038248062134
524,0.05375390499830246,0.052724678069353104,0.9462460279464722,0.9472753405570984
525,0.05380788445472717,0.053725261241197586,0.9461919665336609,0.9462749361991882
526,0.053584061563014984,0.052803028374910355,0.9464160203933716,0.9471969604492188
527,0.05444996431469917,0.05408376455307007,0.9455501437187195,0.9459163546562195
528,0.054702598601579666,0.05401887744665146,0.9452975392341614,0.9459811449050903
529,0.054480455815792084,0.05291522294282913,0.9455195665359497,0.9470847249031067
530,0.053302597254514694,0.05215374752879143,0.9466974139213562,0.9478462934494019
531,0.05272916704416275,0.052217744290828705,0.9472707509994507,0.9477823376655579
532,0.05326331779360771,0.05244199186563492,0.9467366933822632,0.9475580453872681
533,0.0529051199555397,0.05254056304693222,0.9470950365066528,0.9474593997001648
534,0.05272058770060539,0.0520368330180645,0.9472793340682983,0.9479631185531616
535,0.053220249712467194,0.053193461149930954,0.9467796087265015,0.9468065500259399
536,0.0539066419005394,0.05270614102482796,0.9460932612419128,0.947293758392334
537,0.053575027734041214,0.05362403392791748,0.9464249610900879,0.946375846862793
538,0.05328844115138054,0.052121154963970184,0.946711540222168,0.9478788375854492
539,0.052683573216199875,0.05303537845611572,0.9473164677619934,0.9469645619392395
540,0.05381596088409424,0.05395429581403732,0.9461840391159058,0.9460457563400269
541,0.05390426516532898,0.05278308317065239,0.9460956454277039,0.9472168684005737
542,0.05264141038060188,0.052936870604753494,0.9473586082458496,0.9470630884170532
543,0.053717128932476044,0.054296284914016724,0.946282684803009,0.9457038044929504
544,0.054504383355379105,0.05429239943623543,0.9454954862594604,0.9457074403762817
545,0.05433535575866699,0.05413283035159111,0.9456645846366882,0.9458672404289246
546,0.053645022213459015,0.05396858975291252,0.946354866027832,0.9460312724113464
547,0.05471920967102051,0.053820330649614334,0.9452808499336243,0.9461797475814819
548,0.055378418415784836,0.05535683035850525,0.9446216821670532,0.9446431398391724
549,0.05618000030517578,0.055832214653491974,0.9438201189041138,0.9441677331924438
550,0.05576177313923836,0.05422624945640564,0.9442383646965027,0.9457737803459167
551,0.05497528240084648,0.053601790219545364,0.9450246691703796,0.946398138999939
552,0.053119320422410965,0.053195975720882416,0.9468806982040405,0.9468039274215698
553,0.053117476403713226,0.0535818450152874,0.9468826055526733,0.9464181661605835
554,0.053020525723695755,0.0533052496612072,0.9469796419143677,0.9466947317123413
555,0.0530843511223793,0.05214632675051689,0.9469157457351685,0.947853684425354
556,0.05335784703493118,0.05453971028327942,0.9466421008110046,0.9454604387283325
557,0.05348672717809677,0.052741169929504395,0.9465131759643555,0.9472587704658508
558,0.05317593738436699,0.05297644063830376,0.9468239545822144,0.9470235705375671
559,0.05264853686094284,0.05303166061639786,0.9473514556884766,0.9469684362411499
560,0.05337417870759964,0.05292924493551254,0.9466258883476257,0.9470705986022949
561,0.05261266976594925,0.05183528736233711,0.9473873972892761,0.9481646418571472
562,0.05280207470059395,0.052636705338954926,0.9471977949142456,0.9473633766174316
563,0.05295197293162346,0.05275510996580124,0.9470478892326355,0.9472447633743286
564,0.05428101867437363,0.053710490465164185,0.9457188844680786,0.9462895393371582
565,0.053720928728580475,0.05385211110115051,0.9462790489196777,0.9461480975151062
566,0.05317740887403488,0.05348866432905197,0.9468226432800293,0.946511447429657
567,0.05369558930397034,0.052593864500522614,0.9463043212890625,0.9474061131477356
568,0.05279933288693428,0.05189507082104683,0.94720059633255,0.9481048583984375
569,0.05226133018732071,0.052022695541381836,0.947738528251648,0.9479774236679077
570,0.05257328227162361,0.052807677537202835,0.9474266767501831,0.9471924901008606
571,0.05234043672680855,0.05229990929365158,0.9476596117019653,0.9477002024650574
572,0.05309366434812546,0.05310073494911194,0.9469062685966492,0.9468992352485657
573,0.05267467349767685,0.05191799998283386,0.9473252296447754,0.9480819702148438
574,0.05242934077978134,0.051930636167526245,0.9475706219673157,0.9480692148208618
575,0.05220343545079231,0.05241098999977112,0.947796642780304,0.9475887417793274
576,0.05216825753450394,0.052673131227493286,0.9478317499160767,0.9473265409469604
577,0.0523386187851429,0.05249477177858353,0.9476615190505981,0.9475052952766418
578,0.052827782928943634,0.05321848392486572,0.9471722841262817,0.9467813372612
579,0.05323145538568497,0.0521707721054554,0.946768581867218,0.9478292465209961
580,0.053628016263246536,0.05762776732444763,0.9463721513748169,0.94237220287323
581,0.058024294674396515,0.05951046198606491,0.9419758915901184,0.9404897689819336
582,0.056269772350788116,0.05405058339238167,0.9437301754951477,0.9459494352340698
583,0.05439246818423271,0.0533885732293129,0.9456074833869934,0.9466115236282349
584,0.053487081080675125,0.05274219065904617,0.9465129971504211,0.9472576975822449
585,0.0528060607612133,0.05198544263839722,0.9471940994262695,0.9480145573616028
586,0.052407074719667435,0.051633547991514206,0.9475929141044617,0.9483664631843567
587,0.052316755056381226,0.05530150979757309,0.9476830363273621,0.9446985125541687
588,0.05331001803278923,0.05261005088686943,0.9466897249221802,0.9473899602890015
589,0.052830278873443604,0.053511448204517365,0.9471697807312012,0.9464887380599976
590,0.05271337181329727,0.05329335480928421,0.9472866058349609,0.9467067718505859
591,0.05309787392616272,0.05195267125964165,0.9469019770622253,0.9480473399162292
592,0.05370591953396797,0.052488040179014206,0.9462940096855164,0.9475118517875671
593,0.05291585996747017,0.052489232271909714,0.9470841288566589,0.947510838508606
594,0.05272488668560982,0.05221923068165779,0.9472752809524536,0.9477809071540833
595,0.05210094898939133,0.051300548017024994,0.9478989839553833,0.9486995935440063
596,0.05198145657777786,0.05295237898826599,0.9480185508728027,0.9470477104187012
597,0.052359092980623245,0.05273255705833435,0.9476410150527954,0.9472673535346985
598,0.05297230929136276,0.05228308588266373,0.9470275640487671,0.947717010974884
599,0.053157031536102295,0.05231543257832527,0.9468430280685425,0.9476845860481262
600,0.052312545478343964,0.052891094237565994,0.9476872682571411,0.9471091032028198
601,0.052949778735637665,0.052630335092544556,0.9470503926277161,0.9473696947097778
602,0.05393485352396965,0.05344801023602486,0.9460651278495789,0.9465519189834595
603,0.054217081516981125,0.05266519635915756,0.9457829594612122,0.9473347663879395
604,0.05306432768702507,0.052424170076847076,0.9469356536865234,0.9475758671760559
605,0.05313767120242119,0.05282546952366829,0.9468623399734497,0.9471744298934937
606,0.05378006026148796,0.0533667616546154,0.946219801902771,0.9466331601142883
607,0.05397387593984604,0.05411083251237869,0.9460260272026062,0.9458889961242676
608,0.05276826024055481,0.05194814130663872,0.9472315907478333,0.9480517506599426
609,0.05230007693171501,0.05160323902964592,0.9476999044418335,0.9483966827392578
610,0.051715187728405,0.051394809037446976,0.9482848048210144,0.948604941368103
611,0.05195077508687973,0.05227535963058472,0.9480491876602173,0.947724461555481
612,0.05211256816983223,0.05113697797060013,0.9478875398635864,0.9488630294799805
613,0.05230743810534477,0.05427999049425125,0.9476926922798157,0.9457200169563293
614,0.054326821118593216,0.05432159826159477,0.9456731677055359,0.9456785321235657
615,0.0538753941655159,0.053296126425266266,0.9461244344711304,0.9467037320137024
616,0.053984321653842926,0.05281501263380051,0.9460156559944153,0.9471849203109741
617,0.05297079682350159,0.05325623229146004,0.9470291137695312,0.9467437863349915
618,0.052951037883758545,0.052408166229724884,0.9470490217208862,0.9475917816162109
619,0.05238918587565422,0.05213981121778488,0.9476107358932495,0.9478603601455688
620,0.05228520557284355,0.05456714704632759,0.9477149248123169,0.9454328417778015
621,0.052951596677303314,0.05207359045743942,0.9470484852790833,0.9479265213012695
622,0.05377837270498276,0.05374680832028389,0.9462215304374695,0.9462531805038452
623,0.05288492515683174,0.05241357535123825,0.9471151232719421,0.9475863575935364
624,0.05253975838422775,0.05248637869954109,0.9474601745605469,0.9475136995315552
625,0.051836706697940826,0.051563702523708344,0.9481632113456726,0.9484362602233887
626,0.0517558678984642,0.05134470388293266,0.9482440948486328,0.9486551284790039
627,0.05134342983365059,0.05087819695472717,0.9486565589904785,0.9491217732429504
628,0.050988245755434036,0.05113058164715767,0.9490118026733398,0.9488694071769714
629,0.05108419805765152,0.050230275839567184,0.9489157795906067,0.9497693777084351
630,0.050785861909389496,0.05049053952097893,0.9492141008377075,0.9495094418525696
631,0.05120525509119034,0.05122355371713638,0.9487947225570679,0.9487766027450562
632,0.05173827335238457,0.051385123282670975,0.9482617378234863,0.948614776134491
633,0.051728617399930954,0.05153229832649231,0.9482714533805847,0.9484675526618958
634,0.05204477161169052,0.051701538264751434,0.9479552507400513,0.9482983350753784
635,0.05191580206155777,0.05161728337407112,0.9480840563774109,0.9483827352523804
636,0.05223318189382553,0.05250699073076248,0.947766900062561,0.9474929571151733
637,0.05227242782711983,0.05405464768409729,0.9477275013923645,0.9459452629089355
638,0.05298420786857605,0.052679259330034256,0.9470157623291016,0.9473206400871277
639,0.05471200495958328,0.05281302332878113,0.9452880024909973,0.9471869468688965
640,0.053056925535202026,0.0533146969974041,0.9469431042671204,0.9466851949691772
641,0.052927177399396896,0.052222639322280884,0.9470729827880859,0.9477773904800415
642,0.052237581461668015,0.051808975636959076,0.9477623701095581,0.9481909871101379
643,0.05165420100092888,0.05095824599266052,0.9483458399772644,0.9490416646003723
644,0.051955241709947586,0.05154772847890854,0.9480448961257935,0.9484521746635437
645,0.052040643990039825,0.051784317940473557,0.9479592442512512,0.948215663433075
646,0.0522766038775444,0.051724471151828766,0.9477232694625854,0.9482753872871399
647,0.052912257611751556,0.053236257284879684,0.9470877647399902,0.9467636346817017
648,0.053608477115631104,0.05395876616239548,0.9463915824890137,0.9460411071777344
649,0.05371374636888504,0.05340716987848282,0.9462862014770508,0.9465929269790649
650,0.05270630121231079,0.0530141219496727,0.9472935795783997,0.9469859004020691
651,0.052284449338912964,0.052177198231220245,0.9477155804634094,0.9478226900100708
652,0.052216626703739166,0.05199131369590759,0.947783350944519,0.9480087161064148
653,0.0516953282058239,0.05250980332493782,0.9483048319816589,0.9474902153015137
654,0.05200077220797539,0.05122567340731621,0.9479992985725403,0.9487744569778442
655,0.051941417157649994,0.05125279352068901,0.9480587244033813,0.9487471580505371
656,0.051091067492961884,0.051633745431900024,0.9489089250564575,0.9483662843704224
657,0.05159042030572891,0.051379453390836716,0.9484097361564636,0.948620617389679
658,0.05165465921163559,0.052330516278743744,0.9483453631401062,0.9476693272590637
659,0.053759895265102386,0.05372968316078186,0.9462401270866394,0.9462702870368958
660,0.05444646626710892,0.053452979773283005,0.9455534815788269,0.9465471506118774
661,0.05555276200175285,0.055832624435424805,0.94444739818573,0.9441672563552856
662,0.05649236962199211,0.0531063973903656,0.9435075521469116,0.9468938112258911
663,0.05391234904527664,0.053782880306243896,0.946087658405304,0.9462172389030457
664,0.05276210233569145,0.051634155213832855,0.9472378492355347,0.9483656883239746
665,0.051804911345243454,0.05127570778131485,0.9481950998306274,0.9487242698669434
666,0.051745928823947906,0.05137636139988899,0.9482541084289551,0.9486234784126282
667,0.05180469900369644,0.051295001059770584,0.9481952786445618,0.9487050175666809
668,0.05100373178720474,0.050560496747493744,0.9489962458610535,0.949439525604248
669,0.05107764154672623,0.05103592947125435,0.948922336101532,0.94896399974823
670,0.05115615203976631,0.05059104040265083,0.948843777179718,0.949409008026123
671,0.050920091569423676,0.051025133579969406,0.9490798115730286,0.9489749073982239
672,0.05127749592065811,0.05081319063901901,0.9487226605415344,0.9491866827011108
673,0.05156669020652771,0.05192951485514641,0.9484332799911499,0.9480705261230469
674,0.05262821167707443,0.051267825067043304,0.947371780872345,0.9487321972846985
675,0.052734483033418655,0.05150358006358147,0.947265625,0.9484964609146118
676,0.05196794867515564,0.05210044980049133,0.9480320811271667,0.9478994607925415
677,0.05233082175254822,0.05211181566119194,0.9476690292358398,0.947888195514679
678,0.05160484462976456,0.05110921710729599,0.9483952522277832,0.9488905668258667
679,0.05115742236375809,0.05078495666384697,0.9488425254821777,0.9492149353027344
680,0.051907848566770554,0.052928172051906586,0.9480922818183899,0.9470717310905457
681,0.05252619460225105,0.05212920159101486,0.9474738836288452,0.9478708505630493
682,0.05237392708659172,0.053038619458675385,0.9476259350776672,0.9469614028930664
683,0.052609633654356,0.051693134009838104,0.9473903775215149,0.948306679725647
684,0.05183075740933418,0.05118116736412048,0.9481690526008606,0.9488188028335571
685,0.05175550654530525,0.05175216868519783,0.9482444524765015,0.9482477307319641
686,0.05280628055334091,0.052741456776857376,0.9471936225891113,0.9472585916519165
687,0.054442308843135834,0.05552012473344803,0.9455575942993164,0.9444799423217773
688,0.05340350419282913,0.052145786583423615,0.9465964436531067,0.9478541612625122
689,0.05162111669778824,0.051432810723781586,0.9483789205551147,0.9485672116279602
690,0.05116108059883118,0.05106888338923454,0.9488388299942017,0.9489312171936035
691,0.05076339840888977,0.050215065479278564,0.9492365121841431,0.9497849345207214
692,0.050483833998441696,0.049902208149433136,0.9495161771774292,0.9500977396965027
693,0.050471264868974686,0.050716061145067215,0.9495288133621216,0.9492838978767395
694,0.05055748298764229,0.049988988786935806,0.9494423866271973,0.9500109553337097
695,0.0500979907810688,0.049729123711586,0.9499020576477051,0.9502708315849304
696,0.05058811232447624,0.05019848793745041,0.9494118690490723,0.9498014450073242
697,0.051016367971897125,0.05170121788978577,0.9489835500717163,0.9482986330986023
698,0.051771629601716995,0.05145981162786484,0.9482285380363464,0.9485400915145874
699,0.05247539281845093,0.05243443325161934,0.9475246667861938,0.9475655555725098
700,0.0526021346449852,0.05247234180569649,0.9473978281021118,0.9475275278091431
701,0.052499640733003616,0.05236304551362991,0.9475004076957703,0.9476369619369507
702,0.05279027298092842,0.05240074545145035,0.9472098350524902,0.9475994110107422
703,0.05287991836667061,0.05314166098833084,0.9471200704574585,0.9468581080436707
704,0.05358933284878731,0.056271981447935104,0.9464105367660522,0.9437281489372253
705,0.05432717874646187,0.05295882374048233,0.945672869682312,0.9470412135124207
706,0.05357690900564194,0.055957041680812836,0.9464229345321655,0.944042980670929
707,0.05273070186376572,0.05138670653104782,0.9472691416740417,0.9486132860183716
708,0.05160324648022652,0.05095057934522629,0.9483968019485474,0.9490495920181274
709,0.05106992647051811,0.05107327550649643,0.9489300847053528,0.9489268064498901
710,0.05193380266427994,0.05225399136543274,0.9480663537979126,0.9477459192276001
711,0.05151177570223808,0.050960708409547806,0.9484881162643433,0.9490391612052917
712,0.05165328457951546,0.05106610059738159,0.9483467936515808,0.9489339590072632
713,0.05129203200340271,0.052492476999759674,0.9487077593803406,0.9475076794624329
714,0.050827331840991974,0.05038531497120857,0.9491724967956543,0.9496148228645325
715,0.05088226869702339,0.05094563961029053,0.9491178393363953,0.9490542411804199
716,0.051417719572782516,0.051197100430727005,0.9485824704170227,0.9488029479980469
717,0.05203206092119217,0.051398396492004395,0.9479680061340332,0.9486014246940613
718,0.052109815180301666,0.052855998277664185,0.9478901624679565,0.9471440315246582
719,0.05249709635972977,0.05070404335856438,0.9475027918815613,0.9492958784103394
720,0.051545143127441406,0.05153394490480423,0.948454737663269,0.9484660029411316
721,0.05232568457722664,0.05151228979229927,0.9476744532585144,0.9484878778457642
722,0.05216292664408684,0.05121718719601631,0.9478370547294617,0.9487828016281128
723,0.05237100273370743,0.054089464247226715,0.9476291537284851,0.9459104537963867
724,0.05285155028104782,0.05125419422984123,0.9471485018730164,0.948745846748352
725,0.051133085042238235,0.05127473920583725,0.9488670229911804,0.9487253427505493
726,0.051277242600917816,0.05165458470582962,0.9487228393554688,0.9483453631401062
727,0.05110403150320053,0.050629716366529465,0.9488958120346069,0.9493703842163086
728,0.05125031620264053,0.05107130855321884,0.948749840259552,0.9489288330078125
729,0.05116007477045059,0.05052286386489868,0.9488398432731628,0.9494773149490356
730,0.050806451588869095,0.05060723423957825,0.9491933584213257,0.9493927955627441
731,0.05050741508603096,0.05091632530093193,0.9494926333427429,0.9490835070610046
732,0.05038819462060928,0.04976145923137665,0.9496117830276489,0.9502384066581726
733,0.050221800804138184,0.049918193370103836,0.9497781991958618,0.9500817060470581
734,0.05005018785595894,0.05004693940281868,0.9499498605728149,0.9499529004096985
735,0.05061333253979683,0.050828952342271805,0.9493867754936218,0.9491710662841797
736,0.05137848109006882,0.05169862508773804,0.9486215710639954,0.9483011364936829
737,0.05135873705148697,0.05080878734588623,0.948641300201416,0.9491912126541138
738,0.0509963221848011,0.051919203251600266,0.9490035772323608,0.948080837726593
739,0.051169075071811676,0.05074502155184746,0.9488309025764465,0.949255108833313
740,0.05138476565480232,0.05138896033167839,0.9486153721809387,0.9486109614372253
741,0.05089876055717468,0.05072125047445297,0.9491012692451477,0.9492786526679993
742,0.05092831328511238,0.05051253363490105,0.9490717649459839,0.9494873881340027
743,0.05089278891682625,0.051281534135341644,0.94910728931427,0.9487184286117554
744,0.05120376497507095,0.05034555122256279,0.948796272277832,0.9496545791625977
745,0.05102059245109558,0.05144467204809189,0.948979377746582,0.9485552906990051
746,0.052157383412122726,0.05390975624322891,0.9478425979614258,0.9460901021957397
747,0.05461932346224785,0.05235276371240616,0.9453805685043335,0.9476472735404968
748,0.05253874137997627,0.05138377472758293,0.9474611282348633,0.9486162066459656
749,0.05158339813351631,0.05066775158047676,0.9484165906906128,0.9493323564529419
750,0.050695937126874924,0.05112602189183235,0.9493041038513184,0.9488741159439087
751,0.051544807851314545,0.05168517306447029,0.9484551548957825,0.9483147859573364
752,0.05191090703010559,0.05136200785636902,0.9480889439582825,0.9486379623413086
753,0.052770864218473434,0.05239550396800041,0.9472290873527527,0.9476044774055481
754,0.05193411186337471,0.050718389451503754,0.9480657577514648,0.9492815732955933
755,0.05060282349586487,0.0501912422478199,0.949397087097168,0.9498087763786316
756,0.05016317963600159,0.04969502240419388,0.9498369097709656,0.9503048658370972
757,0.04996781796216965,0.050274014472961426,0.9500322341918945,0.9497259855270386
758,0.05019547417759895,0.04959409311413765,0.9498046636581421,0.9504058957099915
759,0.05032383278012276,0.050626177340745926,0.9496761560440063,0.9493739008903503
760,0.05083676055073738,0.05012017488479614,0.9491632580757141,0.9498798251152039
761,0.05056743696331978,0.049983780831098557,0.9494325518608093,0.9500163197517395
762,0.05110391974449158,0.0508347824215889,0.948896050453186,0.9491654634475708
763,0.052100665867328644,0.05118195340037346,0.947899341583252,0.9488180875778198
764,0.051379550248384476,0.05206568166613579,0.9486203193664551,0.9479343295097351
765,0.05217299982905388,0.052546847611665726,0.9478269815444946,0.9474533200263977
766,0.052765779197216034,0.05248130485415459,0.9472341537475586,0.9475186467170715
767,0.0535726472735405,0.05345005542039871,0.9464272260665894,0.9465498924255371
768,0.05330941826105118,0.05227266997098923,0.9466906785964966,0.9477273225784302
769,0.053517282009124756,0.05276218801736832,0.9464828372001648,0.9472378492355347
770,0.054042965173721313,0.05417543649673462,0.9459568858146667,0.9458246231079102
771,0.05302271246910095,0.05169837549328804,0.9469772577285767,0.9483016729354858
772,0.050929974764585495,0.05049721151590347,0.9490698575973511,0.9495029449462891
773,0.05134504288434982,0.05081946775317192,0.9486549496650696,0.9491806030273438
774,0.05064191669225693,0.05083315446972847,0.9493581652641296,0.9491667747497559
775,0.050893597304821014,0.0509098544716835,0.9491065144538879,0.9490900039672852
776,0.0525028295814991,0.0524810329079628,0.9474971890449524,0.9475191235542297
777,0.05493921786546707,0.05255039781332016,0.9450608491897583,0.9474495649337769
778,0.05202733725309372,0.05040910840034485,0.9479726552963257,0.9495909810066223
779,0.050856806337833405,0.050231993198394775,0.94914311170578,0.9497678875923157
780,0.05000467225909233,0.04988058656454086,0.9499953389167786,0.9501193165779114
781,0.049917057156562805,0.04935013875365257,0.9500828981399536,0.9506498575210571
782,0.04988653212785721,0.0496392548084259,0.9501134753227234,0.9503607749938965
783,0.049698952585458755,0.049406591802835464,0.9503009915351868,0.9505933523178101
784,0.0499548465013504,0.04992403835058212,0.950045108795166,0.9500757455825806
785,0.049823202192783356,0.04951570928096771,0.9501768946647644,0.9504842758178711
786,0.04996344447135925,0.05026265233755112,0.9500366449356079,0.9497373700141907
787,0.05045120790600777,0.05045522004365921,0.9495487213134766,0.9495446085929871
788,0.05068641155958176,0.05144253373146057,0.9493135213851929,0.9485575556755066
789,0.05184371396899223,0.052107326686382294,0.9481562376022339,0.9478926658630371
790,0.05215717479586601,0.051956355571746826,0.9478427767753601,0.9480435252189636
791,0.05395662039518356,0.053285859525203705,0.9460433125495911,0.9467140436172485
792,0.05237887054681778,0.05177175998687744,0.9476210474967957,0.9482282400131226
793,0.0516044907271862,0.0505802147090435,0.9483955502510071,0.9494198560714722
794,0.050913937389850616,0.051086075603961945,0.9490861892700195,0.9489139318466187
795,0.050497472286224365,0.04976245015859604,0.9495024681091309,0.9502375721931458
796,0.04990140348672867,0.04941985011100769,0.9500986337661743,0.9505800008773804
797,0.049691103398799896,0.04957584664225578,0.9503086805343628,0.950424313545227
798,0.05002356320619583,0.0495079830288887,0.9499765634536743,0.9504920244216919
799,0.049982864409685135,0.05024876445531845,0.9500171542167664,0.9497511982917786
800,0.04981289431452751,0.04912891238927841,0.9501873254776001,0.9508711099624634
801,0.04982132464647293,0.0500878170132637,0.9501787424087524,0.9499120712280273
802,0.0500936396420002,0.04979108273983002,0.9499062299728394,0.9502089619636536
803,0.049969788640737534,0.04967619851231575,0.9500302076339722,0.9503238797187805
804,0.05042370408773422,0.049731336534023285,0.9495760798454285,0.950268566608429
805,0.05052981898188591,0.050321049988269806,0.9494702219963074,0.9496790766716003
806,0.05053035542368889,0.050573576241731644,0.9494694471359253,0.9494264721870422
807,0.05127856880426407,0.0529065802693367,0.9487214088439941,0.9470934867858887
808,0.05142344906926155,0.05118269473314285,0.9485765695571899,0.948817253112793
809,0.05212517827749252,0.052494119852781296,0.947874903678894,0.9475060701370239
810,0.0517595037817955,0.05039011314511299,0.9482403993606567,0.9496098756790161
811,0.05117163062095642,0.05158402398228645,0.9488283395767212,0.9484160542488098
812,0.05122479051351547,0.05098602920770645,0.9487752914428711,0.9490140080451965
813,0.0508497953414917,0.050343550741672516,0.9491502046585083,0.9496564865112305
814,0.050778795033693314,0.05112282186746597,0.9492213129997253,0.948877215385437
815,0.051359355449676514,0.050229512155056,0.9486407041549683,0.9497703313827515
816,0.05186630040407181,0.05166841298341751,0.948133647441864,0.9483315348625183
817,0.0516064390540123,0.05215897038578987,0.9483935236930847,0.9478411674499512
818,0.051343537867069244,0.05123455449938774,0.948656439781189,0.9487653970718384
819,0.05054487660527229,0.05040351673960686,0.9494550824165344,0.9495965838432312
820,0.05056709796190262,0.050043247640132904,0.9494329690933228,0.9499565362930298
821,0.05052817612886429,0.04996156692504883,0.9494717717170715,0.9500385522842407
822,0.05015445873141289,0.050023507326841354,0.9498454928398132,0.9499764442443848
823,0.049997635185718536,0.049497656524181366,0.9500023722648621,0.9505022168159485
824,0.04979661852121353,0.050771068781614304,0.9502032995223999,0.9492288827896118
825,0.05042019486427307,0.05009081959724426,0.9495795965194702,0.9499090909957886
826,0.050676293671131134,0.050544947385787964,0.9493236541748047,0.9494549632072449
827,0.05092258378863335,0.05025829002261162,0.9490774869918823,0.9497417211532593
828,0.05054337903857231,0.050094276666641235,0.9494565725326538,0.9499056935310364
829,0.050459910184144974,0.05091943219304085,0.9495401382446289,0.9490804672241211
830,0.05082622170448303,0.04985605925321579,0.9491739273071289,0.9501439929008484
831,0.05048689246177673,0.04976693540811539,0.9495129585266113,0.9502331614494324
832,0.05141688510775566,0.05485299229621887,0.9485831260681152,0.9451470375061035
833,0.05320754647254944,0.05164559930562973,0.9467924237251282,0.9483545422554016
834,0.051951415836811066,0.05067857354879379,0.94804847240448,0.9493215680122375
835,0.051271937787532806,0.05242415517568588,0.948728084564209,0.9475757479667664
836,0.05191795900464058,0.05084611102938652,0.9480819702148438,0.9491540193557739
837,0.05054929852485657,0.04987845942378044,0.949450671672821,0.9501215219497681
838,0.0503014400601387,0.04973196983337402,0.9496986269950867,0.9502680897712708
839,0.04976630210876465,0.049762360751628876,0.9502336382865906,0.9502375721931458
840,0.04954846203327179,0.049852482974529266,0.9504514932632446,0.9501475095748901
841,0.050006430596113205,0.04983382672071457,0.9499934315681458,0.9501661062240601
842,0.050532300025224686,0.05198630690574646,0.949467658996582,0.9480136036872864
843,0.051732469350099564,0.053058553487062454,0.9482674598693848,0.9469415545463562
844,0.0531010627746582,0.05249978229403496,0.9468988180160522,0.9475001096725464
845,0.05245233699679375,0.050879500806331635,0.9475477933883667,0.9491207003593445
846,0.05144120380282402,0.05081560090184212,0.9485588073730469,0.9491842985153198
847,0.050922878086566925,0.05109383538365364,0.9490771293640137,0.9489061236381531
848,0.05166695639491081,0.0523517020046711,0.9483330845832825,0.9476481676101685
849,0.05181198567152023,0.04990467429161072,0.9481880068778992,0.9500951766967773
850,0.05124088376760483,0.05164731666445732,0.9487591981887817,0.9483526349067688
851,0.051727283746004105,0.05058879405260086,0.9482725858688354,0.9494112133979797
852,0.05098653957247734,0.0510723814368248,0.9490135312080383,0.9489275813102722
853,0.051217447966337204,0.05006091669201851,0.9487825632095337,0.9499390721321106
854,0.05054426193237305,0.050033897161483765,0.9494558572769165,0.9499661326408386
855,0.05003945901989937,0.04920262470841408,0.9499605894088745,0.9507973790168762
856,0.049799177795648575,0.049502141773700714,0.9502007365226746,0.9504979848861694
857,0.04958284646272659,0.05059546232223511,0.950417160987854,0.9494045972824097
858,0.050453901290893555,0.050224579870700836,0.9495461583137512,0.9497755169868469
859,0.049806393682956696,0.050452083349227905,0.9501935839653015,0.9495479464530945
860,0.04997317120432854,0.05027279257774353,0.9500268697738647,0.9497271776199341
861,0.04979424551129341,0.050959985703229904,0.9502056837081909,0.9490400552749634
862,0.050247471779584885,0.049322329461574554,0.9497526288032532,0.9506776928901672
863,0.04939083009958267,0.049152202904224396,0.950609028339386,0.9508477449417114
864,0.04973619803786278,0.049759503453969955,0.9502638578414917,0.9502404928207397
865,0.050640977919101715,0.05017387121915817,0.9493589401245117,0.9498259425163269
866,0.049866605550050735,0.0495513491332531,0.9501333236694336,0.9504486322402954
867,0.04981864243745804,0.04981686919927597,0.9501811861991882,0.9501830339431763
868,0.049906205385923386,0.0495683029294014,0.9500938653945923,0.9504317045211792
869,0.049780793488025665,0.050029970705509186,0.9502191543579102,0.9499699473381042
870,0.05090658739209175,0.05229778215289116,0.9490933418273926,0.9477022290229797
871,0.05153840035200119,0.05224822089076042,0.9484615325927734,0.9477518200874329
872,0.051864683628082275,0.05145486444234848,0.9481353759765625,0.9485451579093933
873,0.0512591116130352,0.05172290652990341,0.9487409591674805,0.9482771158218384
874,0.051457326859235764,0.05160359665751457,0.9485427141189575,0.9483965039253235
875,0.05065399408340454,0.05026712268590927,0.9493458867073059,0.9497328996658325
876,0.05114291235804558,0.050526686012744904,0.9488571882247925,0.9494732618331909
877,0.05088789016008377,0.05004006624221802,0.9491121172904968,0.9499600529670715
878,0.050995685160160065,0.051531773060560226,0.9490042924880981,0.9484683275222778
879,0.05079876631498337,0.050244223326444626,0.949201226234436,0.9497559666633606
880,0.05111294984817505,0.05026846379041672,0.9488869905471802,0.9497315287590027
881,0.05208008363842964,0.052248645573854446,0.9479197263717651,0.9477514028549194
882,0.05019177868962288,0.04935811087489128,0.9498081207275391,0.9506418108940125
883,0.04967561364173889,0.04991229996085167,0.9503243565559387,0.9500876665115356
884,0.05019030719995499,0.050083428621292114,0.9498096704483032,0.949916660785675
885,0.04992063343524933,0.0493704192340374,0.9500795602798462,0.9506293535232544
886,0.049500513821840286,0.0492589995265007,0.9504995346069336,0.9507411122322083
887,0.049945954233407974,0.04931608587503433,0.9500539898872375,0.9506839513778687
888,0.050370097160339355,0.05157025530934334,0.949630081653595,0.9484297633171082
889,0.051720134913921356,0.050233371555805206,0.9482797384262085,0.9497667551040649
890,0.05060792714357376,0.049714311957359314,0.9493919610977173,0.9502857327461243
891,0.049839265644550323,0.049502622336149216,0.950160801410675,0.9504974484443665
892,0.04989250376820564,0.049274541437625885,0.9501074552536011,0.9507255554199219
893,0.04988241568207741,0.050069659948349,0.9501174688339233,0.9499301910400391
894,0.04988846555352211,0.04892227053642273,0.9501115679740906,0.9510777592658997
895,0.049166999757289886,0.049612026661634445,0.9508329629898071,0.9503881335258484
896,0.04957805573940277,0.04938472434878349,0.9504221081733704,0.9506152272224426
897,0.04979751259088516,0.049347441643476486,0.9502025842666626,0.9506525993347168
898,0.05067547410726547,0.05156157538294792,0.9493244886398315,0.9484385251998901
899,0.05224965140223503,0.05292069911956787,0.9477503895759583,0.9470794796943665
900,0.051634300500154495,0.050567321479320526,0.9483655691146851,0.9494326710700989
901,0.050686679780483246,0.050413452088832855,0.9493132829666138,0.9495865702629089
902,0.05039869621396065,0.04962248355150223,0.9496012926101685,0.9503775835037231
903,0.049782153218984604,0.04928882420063019,0.9502179026603699,0.9507111310958862
904,0.049335021525621414,0.04857979342341423,0.9506651163101196,0.9514203071594238
905,0.04905024170875549,0.049198001623153687,0.9509497880935669,0.9508020281791687
906,0.04925205558538437,0.04948084428906441,0.9507479667663574,0.9505190849304199
907,0.04965471476316452,0.05079350993037224,0.950345516204834,0.9492063522338867
908,0.05051223561167717,0.0501401424407959,0.9494876861572266,0.9498597979545593
909,0.050317682325839996,0.04987006634473801,0.9496822357177734,0.9501299858093262
910,0.05084424093365669,0.0499861054122448,0.9491556286811829,0.9500139951705933
911,0.049949802458286285,0.050439704209566116,0.9500502347946167,0.949560284614563
912,0.051902640610933304,0.05108027532696724,0.9480973482131958,0.9489197731018066
913,0.050674766302108765,0.04990061745047569,0.9493252038955688,0.9500993490219116
914,0.05038004368543625,0.049481574445962906,0.9496198892593384,0.9505184292793274
915,0.05030602961778641,0.04985615983605385,0.949694037437439,0.9501438140869141
916,0.05077194422483444,0.05134931206703186,0.9492281079292297,0.9486507177352905
917,0.05087278038263321,0.049943674355745316,0.9491273760795593,0.950056254863739
918,0.0503670796751976,0.05003904551267624,0.9496329426765442,0.9499608278274536
919,0.050195712596178055,0.051329903304576874,0.9498041272163391,0.9486700892448425
920,0.05064939334988594,0.05047299712896347,0.9493505358695984,0.9495269656181335
921,0.05077402666211128,0.05113725736737251,0.9492257237434387,0.9488627314567566
922,0.05162035673856735,0.05152884125709534,0.948379635810852,0.9484710693359375
923,0.05291018635034561,0.052814237773418427,0.9470897912979126,0.9471856951713562
924,0.05140463262796402,0.04998563975095749,0.948595404624939,0.9500144124031067
925,0.0501866340637207,0.0512482225894928,0.9498134851455688,0.9487516283988953
926,0.050545524805784225,0.049211349338293076,0.9494546055793762,0.9507886171340942
927,0.049648839980363846,0.051241982728242874,0.9503512382507324,0.9487579464912415
928,0.05019962787628174,0.049825359135866165,0.9498003721237183,0.9501746892929077
929,0.049220822751522064,0.048723842948675156,0.950779139995575,0.9512761235237122
930,0.048750996589660645,0.048802729696035385,0.9512490034103394,0.9511972665786743
931,0.04849392920732498,0.04815784841775894,0.9515060186386108,0.9518421292304993
932,0.048233501613140106,0.048419129103422165,0.9517667889595032,0.9515808820724487
933,0.04828681796789169,0.04798286035656929,0.951712965965271,0.9520171880722046
934,0.0483977273106575,0.04861410707235336,0.9516021609306335,0.9513859748840332
935,0.04931282624602318,0.049509041011333466,0.9506871104240417,0.9504909515380859
936,0.05133612081408501,0.05257033556699753,0.9486638903617859,0.9474296569824219
937,0.051365263760089874,0.05161711573600769,0.9486347436904907,0.9483829736709595
938,0.05098911002278328,0.04966496676206589,0.9490108489990234,0.9503350257873535
939,0.05007436126470566,0.049390021711587906,0.9499257206916809,0.9506099820137024
940,0.049474406987428665,0.049098286777734756,0.9505255818367004,0.9509016871452332
941,0.04957316815853119,0.049728333950042725,0.9504268765449524,0.950271725654602
942,0.04981638863682747,0.04911195486783981,0.9501837491989136,0.9508878588676453
943,0.049410630017519,0.050143130123615265,0.9505895376205444,0.9498569369316101
944,0.049650777131319046,0.04920918494462967,0.9503492116928101,0.9507907032966614
945,0.049096349626779556,0.04846896976232529,0.9509037733078003,0.9515312314033508
946,0.048518240451812744,0.04885585978627205,0.9514816999435425,0.9511440396308899
947,0.048766594380140305,0.04870229214429855,0.9512333869934082,0.9512976408004761
948,0.048870205879211426,0.04892834648489952,0.9511297941207886,0.9510714411735535
949,0.04916460067033768,0.04905256628990173,0.9508354067802429,0.9509472846984863
950,0.04938298836350441,0.049159832298755646,0.9506171345710754,0.9508401155471802
951,0.049457915127277374,0.048912085592746735,0.9505422711372375,0.9510877728462219
952,0.0493304505944252,0.04921168088912964,0.9506696462631226,0.9507883191108704
953,0.04954368621110916,0.051029689610004425,0.950456440448761,0.9489704370498657
954,0.05080219358205795,0.05125126242637634,0.9491978883743286,0.9487487077713013
955,0.051980651915073395,0.05143772438168526,0.9480192065238953,0.9485622644424438
956,0.051201023161411285,0.05019788071513176,0.9487991333007812,0.9498019218444824
957,0.05037271976470947,0.05014907568693161,0.9496272206306458,0.9498511552810669
958,0.049916863441467285,0.04957465082406998,0.9500831365585327,0.9504254460334778
959,0.05033189803361893,0.04991846904158592,0.9496681094169617,0.950081467628479
960,0.05052598565816879,0.050436872988939285,0.9494739770889282,0.9495631456375122
961,0.05039110779762268,0.05115924030542374,0.9496089220046997,0.9488406181335449
962,0.051028721034526825,0.0505920872092247,0.9489712715148926,0.9494077563285828
963,0.05119994282722473,0.05109892040491104,0.9488000869750977,0.9489011764526367
964,0.05281515792012215,0.052266351878643036,0.9471847414970398,0.9477335810661316
965,0.05100073665380478,0.049867741763591766,0.9489992260932922,0.9501322507858276
966,0.050433795899152756,0.04961315542459488,0.9495662450790405,0.9503868222236633
967,0.04990152269601822,0.05082820728421211,0.9500985145568848,0.9491719007492065
968,0.05052049085497856,0.0503673255443573,0.9494795799255371,0.9496325254440308
969,0.049670543521642685,0.04926227033138275,0.9503294229507446,0.9507377743721008
970,0.04922259598970413,0.04897867888212204,0.9507773518562317,0.9510211944580078
971,0.0491422638297081,0.04860157519578934,0.9508577585220337,0.9513983726501465
972,0.04917757958173752,0.048982731997966766,0.9508225321769714,0.9510172605514526
973,0.049516551196575165,0.04939383640885353,0.950483500957489,0.9506060481071472
974,0.04923444241285324,0.049112558364868164,0.9507654905319214,0.9508873820304871
975,0.04902607575058937,0.05008658766746521,0.9509739875793457,0.9499133825302124
976,0.04884990304708481,0.049136482179164886,0.951150119304657,0.9508634805679321
977,0.04918156564235687,0.04904216155409813,0.9508183598518372,0.9509579539299011
978,0.05005642771720886,0.050254058092832565,0.9499436616897583,0.9497460126876831
979,0.050199151039123535,0.050215788185596466,0.9498007893562317,0.949783980846405
980,0.0506281740963459,0.04967089369893074,0.9493716955184937,0.9503291249275208
981,0.049982763826847076,0.04951959103345871,0.9500171542167664,0.950480580329895
982,0.05002535134553909,0.04938888922333717,0.9499747157096863,0.9506111145019531
983,0.04921729117631912,0.04854949563741684,0.9507826566696167,0.9514503479003906
984,0.04895782843232155,0.048438362777233124,0.9510420560836792,0.9515617489814758
985,0.04893983528017998,0.0485544428229332,0.9510601758956909,0.9514455795288086
986,0.050456661731004715,0.051142819225788116,0.949543297290802,0.9488571286201477
987,0.05129080265760422,0.050136905163526535,0.9487091898918152,0.949863076210022
988,0.05047176405787468,0.05098951980471611,0.9495283961296082,0.9490105509757996
989,0.050225067883729935,0.050345223397016525,0.9497748613357544,0.9496545791625977
990,0.049806855618953705,0.04887222498655319,0.9501932859420776,0.951127827167511
991,0.049156785011291504,0.0488802045583725,0.9508432149887085,0.9511197805404663
992,0.048616908490657806,0.048450835049152374,0.9513832330703735,0.9515491724014282
993,0.04843831807374954,0.04806958884000778,0.951561450958252,0.9519304037094116
994,0.04946191608905792,0.04914339631795883,0.950538158416748,0.9508566856384277
995,0.051142506301403046,0.04921805486083031,0.9488574266433716,0.9507820010185242
996,0.049368228763341904,0.04966612532734871,0.9506317973136902,0.9503338932991028
997,0.04958861321210861,0.049487944692373276,0.9504114389419556,0.9505119323730469
998,0.04923320189118385,0.04904598742723465,0.9507668614387512,0.9509538412094116
999,0.04922919720411301,0.050599515438079834,0.9507709741592407,0.9494004249572754
